1.100000000000000000e+02,4.409114988575864658e+01
1.100900000000000034e+02,3.229278425866191782e+01
1.101800000000000068e+02,2.243511468172707524e+01
1.102699999999999960e+02,1.436357389688864572e+01
1.103599999999999994e+02,7.923594646077481762e+00
1.104500000000000028e+02,2.960609671228373152e+00
1.105400000000000063e+02,-6.799482857252991952e-01
1.106299999999999955e+02,-3.152646482849847942e+00
1.107199999999999989e+02,-4.612052178212653786e+00
1.108100000000000023e+02,-5.212732629879855750e+00
1.109000000000000057e+02,-5.109255095918073586e+00
1.109899999999999949e+02,-4.456186834394066487e+00
1.110799999999999983e+02,-3.408095103374226831e+00
1.111700000000000017e+02,-2.119547160925236984e+00
1.112600000000000051e+02,-7.451102651137170296e-01
1.113499999999999943e+02,5.606483259935209906e-01
1.114399999999999977e+02,1.643161354330289869e+00
1.115300000000000011e+02,2.349881513824525925e+00
1.116200000000000045e+02,2.649458618090645423e+00
1.117099999999999937e+02,2.698398016256770671e+00
1.117999999999999972e+02,2.669364673409186484e+00
1.118900000000000006e+02,2.735023554634159915e+00
1.119800000000000040e+02,3.068039625017981109e+00
1.120699999999999932e+02,3.813244013762200790e+00
1.121599999999999966e+02,4.894420127183605196e+00
1.122500000000000000e+02,6.129939847359358929e+00
1.123400000000000034e+02,7.337525870690106089e+00
1.124300000000000068e+02,8.334900893576483227e+00
1.125199999999999960e+02,8.940318019508579184e+00
1.126099999999999994e+02,9.058155203135045852e+00
1.127000000000000028e+02,8.773394013080487497e+00
1.127900000000000063e+02,8.193757221932152390e+00
1.128799999999999955e+02,7.426967602277422031e+00
1.129699999999999989e+02,6.580747926703283568e+00
1.130600000000000023e+02,5.764566860439719775e+00
1.131500000000000057e+02,5.108189070687078726e+00
1.132399999999999949e+02,4.754473419465401030e+00
1.133299999999999983e+02,4.846497005374893696e+00
1.134200000000000017e+02,5.527336927015984003e+00
1.135100000000000051e+02,6.939959307470392247e+00
1.135999999999999943e+02,9.116798653275102637e+00
1.136899999999999977e+02,1.177234461012534972e+01
1.137800000000000011e+02,1.456426735818251750e+01
1.138700000000000045e+02,1.715023707760828486e+01
1.139599999999999937e+02,1.918792394856407668e+01
1.140499999999999972e+02,2.035903617692115475e+01
1.141400000000000006e+02,2.077681260607612401e+01
1.142300000000000040e+02,2.092775454263400192e+01
1.143199999999999932e+02,2.131067076236265123e+01
1.144099999999999966e+02,2.242437004103010878e+01
1.145000000000000000e+02,2.476766115440432614e+01
1.145900000000000034e+02,2.867319670517712993e+01
1.146800000000000068e+02,3.380900460373569416e+01
1.147699999999999960e+02,3.967695658739010156e+01
1.148599999999999994e+02,4.577892439345329478e+01
1.149500000000000028e+02,5.161677975923543471e+01
1.150400000000000063e+02,5.670279012564706989e+01
1.151299999999999955e+02,6.086450513182754918e+01
1.152199999999999989e+02,6.429397377437648231e+01
1.153100000000000023e+02,6.720354915848419353e+01
1.154000000000000057e+02,6.980558438934180288e+01
1.154899999999999949e+02,7.231243257214002540e+01
1.155799999999999983e+02,7.491738432468255837e+01
1.156700000000000017e+02,7.770706224452371202e+01
1.157600000000000051e+02,8.073100643422088751e+01
1.158499999999999943e+02,8.403871976491021201e+01
1.159399999999999977e+02,8.767970510772948955e+01
1.160300000000000011e+02,9.170098454055987247e+01
1.161200000000000045e+02,9.600073254597860739e+01
1.162099999999999937e+02,1.002464098338406302e+02
1.162999999999999972e+02,1.040856307679623001e+02
1.163900000000000006e+02,1.071660097121579582e+02
1.164800000000000040e+02,1.091351610302424717e+02
1.165699999999999932e+02,1.096934314951410556e+02
1.166599999999999966e+02,1.089599523766183609e+02
1.167500000000000000e+02,1.072535616483280734e+02
1.168400000000000034e+02,1.048943271943406188e+02
1.169300000000000068e+02,1.022023168987264086e+02
1.170199999999999960e+02,9.949716861663284817e+01
1.171099999999999994e+02,9.702869425677110371e+01
1.172000000000000028e+02,9.490028087943997548e+01
1.172900000000000063e+02,9.319687805484775822e+01
1.173799999999999955e+02,9.200343535320274668e+01
1.174699999999999989e+02,9.140490234471276665e+01
1.175600000000000023e+02,9.147819723610571430e+01
1.176500000000000057e+02,9.220687363364774569e+01
1.177399999999999949e+02,9.351424991750060656e+01
1.178299999999999983e+02,9.532264054739162873e+01
1.179200000000000017e+02,9.755435998304756140e+01
1.180100000000000051e+02,1.001316642474532870e+02
1.180999999999999943e+02,1.029186063685340713e+02
1.181899999999999977e+02,1.056118181083082987e+02
1.182800000000000011e+02,1.078780116168750851e+02
1.183700000000000045e+02,1.093838990443339014e+02
1.184599999999999937e+02,1.097961925407843466e+02
1.185499999999999972e+02,1.088146234068023546e+02
1.186400000000000006e+02,1.067316827323143400e+02
1.187300000000000040e+02,1.043525829758429921e+02
1.188199999999999932e+02,1.024994424009551466e+02
1.189099999999999966e+02,1.019943792712166868e+02
1.190000000000000000e+02,1.036595118501945763e+02
1.190900000000000034e+02,1.080484221359181163e+02
1.191800000000000068e+02,1.146405470642670537e+02
1.192699999999999960e+02,1.226467873055825919e+02
1.193599999999999994e+02,1.312780435302097715e+02
1.194500000000000028e+02,1.397452164084899380e+02
1.195399999999999920e+02,1.472742058803311807e+02
1.196299999999999955e+02,1.535458116079722686e+02
1.197199999999999989e+02,1.587667451428301888e+02
1.198100000000000023e+02,1.631730134846958720e+02
1.199000000000000057e+02,1.670006236333600782e+02
1.199899999999999949e+02,1.704855825886130845e+02
1.200799999999999983e+02,1.738721764635724014e+02
1.201700000000000017e+02,1.774510188316618553e+02
1.202600000000000051e+02,1.815288287289471327e+02
1.203499999999999943e+02,1.864123413616362654e+02
1.204399999999999977e+02,1.924082919359395873e+02
1.205300000000000011e+02,1.998206026302493683e+02
1.206200000000000045e+02,2.087844139539997741e+02
1.207099999999999937e+02,2.191732548297379140e+02
1.207999999999999972e+02,2.308381499574879285e+02
1.208900000000000006e+02,2.436301240372692405e+02
1.209800000000000040e+02,2.574002017691025799e+02
1.210699999999999932e+02,2.720071803424849008e+02
1.211599999999999966e+02,2.873715836563622474e+02
1.212500000000000000e+02,3.034433713642867474e+02
1.213400000000000034e+02,3.201726844023665990e+02
1.214300000000000068e+02,3.375096637067094889e+02
1.215199999999999960e+02,3.554018574095539975e+02
1.216099999999999994e+02,3.733758071153282003e+02
1.217000000000000028e+02,3.900752047119160579e+02
1.217899999999999920e+02,4.040325756214273838e+02
1.218799999999999955e+02,4.137804452659783010e+02
1.219699999999999989e+02,4.178513390676779977e+02
1.220600000000000023e+02,4.148783913174381723e+02
1.221500000000000057e+02,4.046643144059710266e+02
1.222399999999999949e+02,3.877663872399920706e+02
1.223299999999999983e+02,3.647544648348082887e+02
1.224200000000000017e+02,3.361984022057343964e+02
1.225100000000000051e+02,3.026685432327176954e+02
1.225999999999999943e+02,2.652221409723211423e+02
1.226899999999999977e+02,2.263170456607921324e+02
1.227800000000000011e+02,1.886614062275927495e+02
1.228700000000000045e+02,1.549633716021792509e+02
1.229599999999999937e+02,1.279310907140115319e+02
1.230499999999999972e+02,1.101302940539872708e+02
1.231400000000000006e+02,1.015700163041719009e+02
1.232300000000000040e+02,1.000478186328243737e+02
1.233199999999999932e+02,1.032883439676653978e+02
1.234099999999999966e+02,1.090162352364177707e+02
1.235000000000000000e+02,1.149561353668027408e+02
1.235900000000000034e+02,1.192739164384316695e+02
1.236800000000000068e+02,1.219003671384753602e+02
1.237699999999999960e+02,1.232075053059944452e+02
1.238599999999999994e+02,1.235673487800499686e+02
1.239500000000000028e+02,1.233519153997023921e+02
1.240399999999999920e+02,1.229291723957486226e+02
1.241299999999999955e+02,1.225442396452334748e+02
1.242199999999999989e+02,1.223002125729509970e+02
1.243100000000000023e+02,1.222922752594297577e+02
1.244000000000000057e+02,1.226156117851984106e+02
1.244899999999999949e+02,1.233654062307853962e+02
1.245799999999999983e+02,1.246232455652087481e+02
1.246700000000000017e+02,1.263946313581139123e+02
1.247600000000000051e+02,1.286586145481604717e+02
1.248499999999999943e+02,1.313942195171491392e+02
1.249399999999999977e+02,1.345804706468819631e+02
1.250300000000000011e+02,1.381970237025265362e+02
1.251200000000000045e+02,1.422614174512590921e+02
1.252099999999999937e+02,1.468499093133681583e+02
1.252999999999999972e+02,1.520438077760787223e+02
1.253900000000000006e+02,1.579244213266138104e+02
1.254800000000000040e+02,1.645730584521969604e+02
1.255699999999999932e+02,1.720181127692523830e+02
1.256599999999999966e+02,1.798677443430275389e+02
1.257500000000000000e+02,1.875297155210784297e+02
1.258400000000000034e+02,1.944105544848792988e+02
1.259300000000000068e+02,1.999167894159043612e+02
1.260199999999999960e+02,2.034569304087765431e+02
1.261099999999999994e+02,2.047613007057154846e+02
1.262000000000000028e+02,2.042350649762274202e+02
1.262899999999999920e+02,2.023683624160903776e+02
1.263799999999999955e+02,1.996513322210809349e+02
1.264699999999999989e+02,1.965741135869768925e+02
1.265600000000000023e+02,1.936115344087911581e+02
1.266500000000000057e+02,1.910604287101490684e+02
1.267399999999999949e+02,1.891027957589423636e+02
1.268299999999999983e+02,1.879187209104661633e+02
1.269200000000000017e+02,1.876882895200168377e+02
1.270099999999999909e+02,1.885915119504431061e+02
1.270999999999999943e+02,1.907337060876269277e+02
1.271899999999999977e+02,1.940053364574976342e+02
1.272800000000000011e+02,1.982584714532463011e+02
1.273700000000000045e+02,2.033451794680639750e+02
1.274600000000000080e+02,2.091175288951418452e+02
1.275499999999999972e+02,2.154166793908779312e+02
1.276400000000000006e+02,2.218879569687830156e+02
1.277300000000000040e+02,2.280072967774583503e+02
1.278199999999999932e+02,2.332450486922679431e+02
1.279099999999999966e+02,2.370715625885783879e+02
1.280000000000000000e+02,2.389571883417534082e+02
1.280900000000000034e+02,2.384986260318118241e+02
1.281800000000000068e+02,2.357979765573885231e+02
1.282700000000000102e+02,2.310836910217723528e+02
1.283600000000000136e+02,2.245842205282521604e+02
1.284499999999999886e+02,2.165280161801196073e+02
1.285399999999999920e+02,2.071470593126761344e+02
1.286299999999999955e+02,1.967803965791437975e+02
1.287199999999999989e+02,1.858908533928644999e+02
1.288100000000000023e+02,1.749481501515898003e+02
1.289000000000000057e+02,1.644220072530711718e+02
1.289900000000000091e+02,1.547821450950602014e+02
1.290799999999999841e+02,1.464132318869669120e+02
1.291699999999999875e+02,1.392240090420894205e+02
1.292599999999999909e+02,1.329577648885960457e+02
1.293499999999999943e+02,1.273576216370970684e+02
1.294399999999999977e+02,1.221667014982026842e+02
1.295300000000000011e+02,1.171307865157136234e+02
1.296200000000000045e+02,1.121552487248615364e+02
1.297100000000000080e+02,1.073928246475961998e+02
1.298000000000000114e+02,1.030175294713914411e+02
1.298899999999999864e+02,9.920337838372228134e+01
1.299799999999999898e+02,9.612438657206008941e+01
1.300699999999999932e+02,9.391485761590786296e+01
1.301599999999999966e+02,9.239371777664328533e+01
1.302500000000000000e+02,9.122949862539358890e+01
1.303400000000000034e+02,9.008980551502409639e+01
1.304300000000000068e+02,8.864224379840018742e+01
1.305200000000000102e+02,8.655560175475424955e+01
1.306100000000000136e+02,8.369074533217367673e+01
1.306999999999999886e+02,8.031132690673804575e+01
1.307899999999999920e+02,7.673171682251228276e+01
1.308799999999999955e+02,7.326628542356442608e+01
1.309699999999999989e+02,7.022940305396159033e+01
1.310600000000000023e+02,6.791594145898643831e+01
1.311500000000000057e+02,6.639410117305307324e+01
1.312400000000000091e+02,6.558584323969246554e+01
1.313299999999999841e+02,6.541069137758761087e+01
1.314199999999999875e+02,6.578816930542137698e+01
1.315099999999999909e+02,6.663778690221717227e+01
1.315999999999999943e+02,6.786526974588460348e+01
1.316899999999999977e+02,6.933669278914194933e+01
1.317800000000000011e+02,7.091104507891418507e+01
1.318700000000000045e+02,7.244731566212621487e+01
1.319600000000000080e+02,7.380449358570302820e+01
1.320500000000000114e+02,7.485078144286505619e+01
1.321399999999999864e+02,7.561978340992992287e+01
1.322299999999999898e+02,7.628817161009273207e+01
1.323199999999999932e+02,7.703733550225119586e+01
1.324099999999999966e+02,7.804866454530336739e+01
1.325000000000000000e+02,7.950354819814720031e+01
1.325900000000000034e+02,8.156948948644276243e+01
1.326800000000000068e+02,8.435844570289809496e+01
1.327700000000000102e+02,8.796848770698336750e+01
1.328600000000000136e+02,9.249768635816862172e+01
1.329499999999999886e+02,9.804411251592206611e+01
1.330399999999999920e+02,1.047049590336991258e+02
1.331299999999999955e+02,1.125507904886803061e+02
1.332199999999999989e+02,1.216213863720356159e+02
1.333100000000000023e+02,1.319548113194306609e+02
1.334000000000000057e+02,1.435891299665312886e+02
1.334900000000000091e+02,1.565624069490032184e+02
1.335799999999999841e+02,1.708130312437544660e+02
1.336699999999999875e+02,1.857216364325366271e+02
1.337599999999999909e+02,2.004749557921698226e+02
1.338499999999999943e+02,2.142595279204575149e+02
1.339399999999999977e+02,2.262618914152031380e+02
1.340300000000000011e+02,2.356772970504575255e+02
1.341200000000000045e+02,2.422237261751014614e+02
1.342100000000000080e+02,2.464293925290029108e+02
1.343000000000000114e+02,2.488922072620070480e+02
1.343899999999999864e+02,2.502100815239591043e+02
1.344799999999999898e+02,2.509809264647049076e+02
1.345699999999999932e+02,2.517316828566019069e+02
1.346599999999999966e+02,2.524256666665408773e+02
1.347500000000000000e+02,2.527574168341356824e+02
1.348400000000000034e+02,2.524198170132278278e+02
1.349300000000000068e+02,2.511057508576588759e+02
1.350200000000000102e+02,2.485096780599032229e+02
1.351100000000000136e+02,2.445819675854658328e+02
1.351999999999999886e+02,2.398096295543830365e+02
1.352899999999999920e+02,2.347472467430754364e+02
1.353799999999999955e+02,2.299494019279680970e+02
1.354699999999999989e+02,2.259706778854849745e+02
1.355600000000000023e+02,2.233082963237712590e+02
1.356500000000000057e+02,2.217926565322347017e+02
1.357400000000000091e+02,2.208239497881941134e+02
1.358299999999999841e+02,2.197951972354340171e+02
1.359199999999999875e+02,2.180994200177380833e+02
1.360099999999999909e+02,2.151299031728177340e+02
1.360999999999999943e+02,2.105427700898729029e+02
1.361899999999999977e+02,2.047502002595239503e+02
1.362800000000000011e+02,1.982994868631162433e+02
1.363700000000000045e+02,1.917379230819953762e+02
1.364600000000000080e+02,1.856128020975067443e+02
1.365500000000000114e+02,1.804535928860606759e+02
1.366399999999999864e+02,1.764697842970727777e+02
1.367299999999999898e+02,1.735940909257220426e+02
1.368199999999999932e+02,1.717501013742646592e+02
1.369099999999999966e+02,1.708614042449553949e+02
1.370000000000000000e+02,1.708515881400489889e+02
1.370900000000000034e+02,1.715698230197033638e+02
1.371800000000000068e+02,1.725676042756890922e+02
1.372700000000000102e+02,1.733220086576799588e+02
1.373600000000000136e+02,1.733101129153496629e+02
1.374499999999999886e+02,1.720089937983726429e+02
1.375399999999999920e+02,1.689155084698910230e+02
1.376299999999999955e+02,1.641264169452880708e+02
1.377199999999999989e+02,1.584320299872051123e+02
1.378100000000000023e+02,1.526612919783399036e+02
1.379000000000000057e+02,1.476431473013904281e+02
1.379900000000000091e+02,1.442065403390545839e+02
1.380799999999999841e+02,1.429781287621126467e+02
1.381699999999999875e+02,1.434526338553209541e+02
1.382599999999999909e+02,1.447312660341597450e+02
1.383499999999999943e+02,1.459148406228745785e+02
1.384399999999999977e+02,1.461041729457108147e+02
1.385300000000000011e+02,1.444118840107206836e+02
1.386200000000000045e+02,1.406589358543535866e+02
1.387100000000000080e+02,1.357642191070753199e+02
1.388000000000000114e+02,1.307410698698046474e+02
1.388899999999999864e+02,1.266028242434614270e+02
1.389799999999999898e+02,1.243628183289614668e+02
1.390699999999999932e+02,1.249244600041610909e+02
1.391599999999999966e+02,1.283181411713283637e+02
1.392500000000000000e+02,1.341579366430516700e+02
1.393400000000000034e+02,1.420553573083493575e+02
1.394300000000000068e+02,1.516219140562398593e+02
1.395200000000000102e+02,1.624696733830923563e+02
1.396100000000000136e+02,1.743009185288817093e+02
1.396999999999999886e+02,1.870071170365663988e+02
1.397899999999999920e+02,2.005035581142878982e+02
1.398799999999999955e+02,2.147055309701755732e+02
1.399699999999999989e+02,2.295283248123627402e+02
1.400600000000000023e+02,2.448419053803086172e+02
1.401500000000000057e+02,2.599893530901361487e+02
1.402400000000000091e+02,2.739738223429122286e+02
1.403299999999999841e+02,2.857928021061163690e+02
1.404199999999999875e+02,2.944437813472392804e+02
1.405099999999999909e+02,2.989246031232471523e+02
1.405999999999999943e+02,2.985857836210337837e+02
1.406899999999999977e+02,2.937923054102528795e+02
1.407800000000000011e+02,2.850904448783498424e+02
1.408700000000000045e+02,2.730264784127703592e+02
1.409600000000000080e+02,2.581466824009600032e+02
1.410500000000000114e+02,2.410126163532370924e+02
1.411399999999999864e+02,2.224602024017391670e+02
1.412299999999999898e+02,2.035626790105548594e+02
1.413199999999999932e+02,1.854011096027016094e+02
1.414099999999999966e+02,1.690565576011910309e+02
1.415000000000000000e+02,1.556100864290347090e+02
1.415900000000000034e+02,1.458480906066042166e+02
1.416800000000000068e+02,1.393782890437103106e+02
1.417700000000000102e+02,1.355137317475236216e+02
1.418600000000000136e+02,1.335674687252148658e+02
1.419499999999999886e+02,1.328525499839547024e+02
1.420399999999999920e+02,1.326897122751485654e+02
1.421299999999999955e+02,1.326328168902045945e+02
1.422199999999999989e+02,1.325052415902702023e+02
1.423100000000000023e+02,1.321453773088268804e+02
1.424000000000000057e+02,1.313916149793560919e+02
1.424900000000000091e+02,1.300823455353393570e+02
1.425799999999999841e+02,1.281995714027245867e+02
1.426700000000000159e+02,1.265289022846341425e+02
1.427599999999999909e+02,1.261353171156311817e+02
1.428499999999999943e+02,1.280840753214723406e+02
1.429399999999999977e+02,1.334404363279157053e+02
1.430300000000000011e+02,1.432550711598535997e+02
1.431200000000000045e+02,1.577033467902514872e+02
1.432100000000000080e+02,1.756039089115883485e+02
1.433000000000000114e+02,1.956586960094194012e+02
1.433899999999999864e+02,2.165696465692935533e+02
1.434799999999999898e+02,2.370386990767797215e+02
1.435699999999999932e+02,2.558520799918337900e+02
1.436599999999999966e+02,2.724654048189816535e+02
1.437500000000000000e+02,2.866535021203439442e+02
1.438400000000000034e+02,2.981931663583191039e+02
1.439300000000000068e+02,3.068611919953053189e+02
1.440199999999999818e+02,3.124352898995760484e+02
1.441100000000000136e+02,3.148419723435770265e+02
1.441999999999999886e+02,3.143197878006340034e+02
1.442899999999999920e+02,3.111465756460240186e+02
1.443799999999999955e+02,3.056001752550226342e+02
1.444699999999999989e+02,2.979584260029060374e+02
1.445600000000000023e+02,2.885069978597658746e+02
1.446500000000000057e+02,2.776225914604259515e+02
1.447400000000000091e+02,2.657406369008274396e+02
1.448299999999999841e+02,2.532975431012673937e+02
1.449200000000000159e+02,2.407297189820271797e+02
1.450099999999999909e+02,2.284736200725043602e+02
1.450999999999999943e+02,2.170121245545928161e+02
1.451899999999999977e+02,2.069616456498409036e+02
1.452800000000000011e+02,1.989624604332991851e+02
1.453700000000000045e+02,1.936548459800180240e+02
1.454600000000000080e+02,1.916790793650480964e+02
1.455500000000000114e+02,1.936376908168672912e+02
1.456399999999999864e+02,1.994555791742808992e+02
1.457299999999999898e+02,2.084715102425221573e+02
1.458199999999999932e+02,2.200049234413740749e+02
1.459099999999999966e+02,2.333752581906208832e+02
1.460000000000000000e+02,2.479019539100468137e+02
1.460900000000000034e+02,2.629312832380908844e+02
1.461800000000000068e+02,2.779168516878104356e+02
1.462699999999999818e+02,2.923390979909133307e+02
1.463600000000000136e+02,3.056784608791248843e+02
1.464499999999999886e+02,3.174153790841406249e+02
1.465399999999999920e+02,3.270346021816015423e+02
1.466299999999999955e+02,3.341516195602937387e+02
1.467199999999999989e+02,3.385330695738372810e+02
1.468100000000000023e+02,3.399540101928769786e+02
1.469000000000000057e+02,3.381894993880576976e+02
1.469900000000000091e+02,3.330145951300241336e+02
1.470799999999999841e+02,3.243463594703970898e+02
1.471700000000000159e+02,3.128964671404453952e+02
1.472599999999999909e+02,2.996528351852286391e+02
1.473499999999999943e+02,2.856036580015012873e+02
1.474399999999999977e+02,2.717371299860333238e+02
1.475300000000000011e+02,2.590363892572869418e+02
1.476200000000000045e+02,2.481811972354787486e+02
1.477100000000000080e+02,2.393810814585450544e+02
1.478000000000000114e+02,2.328051192379892029e+02
1.478899999999999864e+02,2.286223878853157601e+02
1.479799999999999898e+02,2.270019647120254263e+02
1.480699999999999932e+02,2.280445427103665850e+02
1.481599999999999966e+02,2.313077277423934390e+02
1.482500000000000000e+02,2.360901424902338590e+02
1.483400000000000034e+02,2.416888146664703925e+02
1.484300000000000068e+02,2.474007719836854733e+02
1.485199999999999818e+02,2.525255120511159532e+02
1.486100000000000136e+02,2.567635819475123071e+02
1.486999999999999886e+02,2.606565285629612276e+02
1.487899999999999920e+02,2.648517956066819465e+02
1.488799999999999955e+02,2.699968267878884944e+02
1.489699999999999989e+02,2.767390658157964367e+02
1.490600000000000023e+02,2.856299504298583543e+02
1.491500000000000057e+02,2.961048489710351532e+02
1.492400000000000091e+02,3.068790850070668057e+02
1.493299999999999841e+02,3.166559813594703883e+02
1.494200000000000159e+02,3.241388608497741188e+02
1.495099999999999909e+02,3.280315394373528761e+02
1.495999999999999943e+02,3.275289983943198990e+02
1.496899999999999977e+02,3.232390589736573929e+02
1.497800000000000011e+02,3.160220290148100162e+02
1.498700000000000045e+02,3.067382163572223135e+02
1.499600000000000080e+02,2.962479288403388864e+02
1.500500000000000114e+02,2.853850873778178538e+02
1.501399999999999864e+02,2.745099147916012612e+02
1.502299999999999898e+02,2.635728977200079157e+02
1.503199999999999932e+02,2.525110126953641725e+02
1.504099999999999966e+02,2.412612362499932033e+02
1.505000000000000000e+02,2.297605449162178957e+02
1.505900000000000034e+02,2.181125139818445291e+02
1.506800000000000068e+02,2.070871137566114726e+02
1.507699999999999818e+02,1.976209133057431586e+02
1.508600000000000136e+02,1.906504816944532479e+02
1.509499999999999886e+02,1.871123879879718572e+02
1.510399999999999920e+02,1.879159948831552924e+02
1.511299999999999955e+02,1.931455469364437079e+02
1.512199999999999989e+02,2.019313654136468585e+02
1.513100000000000023e+02,2.133506341423710353e+02
1.514000000000000057e+02,2.264805369502225858e+02
1.514900000000000091e+02,2.403982576648077440e+02
1.515799999999999841e+02,2.543180557144693239e+02
1.516700000000000159e+02,2.682212248949938953e+02
1.517599999999999909e+02,2.823557138817031387e+02
1.518499999999999943e+02,2.969697390757323205e+02
1.519399999999999977e+02,3.123115168781991997e+02
1.520300000000000011e+02,3.286209425269844360e+02
1.521200000000000045e+02,3.456386414654850796e+02
1.522100000000000080e+02,3.623313709556487652e+02
1.523000000000000114e+02,3.775993189534918315e+02
1.523899999999999864e+02,3.903426734150272068e+02
1.524799999999999898e+02,3.994616222962796428e+02
1.525699999999999932e+02,4.040046671629781940e+02
1.526599999999999966e+02,4.041981704347029449e+02
1.527500000000000000e+02,4.008301836827037619e+02
1.528400000000000034e+02,3.946922176877864672e+02
1.529300000000000068e+02,3.865757832307566559e+02
1.530199999999999818e+02,3.772724210292064413e+02
1.531100000000000136e+02,3.675785327858826577e+02
1.531999999999999886e+02,3.583007136782225643e+02
1.532899999999999920e+02,3.502468424232208690e+02
1.533799999999999955e+02,3.442247977378840460e+02
1.534699999999999989e+02,3.410424583392160116e+02
1.535600000000000023e+02,3.414112804265084833e+02
1.536500000000000057e+02,3.449218084306544938e+02
1.537400000000000091e+02,3.504414178997087106e+02
1.538299999999999841e+02,3.568254315670096730e+02
1.539200000000000159e+02,3.629291721659044470e+02
1.540099999999999909e+02,3.676084129289093312e+02
1.540999999999999943e+02,3.701676242748043819e+02
1.541899999999999977e+02,3.712019567816085441e+02
1.542800000000000011e+02,3.715372166090300539e+02
1.543700000000000045e+02,3.719992099167770903e+02
1.544600000000000080e+02,3.734137428645576620e+02
1.545500000000000114e+02,3.765687347140286647e+02
1.546399999999999864e+02,3.815719591330245066e+02
1.547299999999999898e+02,3.879428820364416310e+02
1.548199999999999932e+02,3.951815712473692770e+02
1.549099999999999966e+02,4.027880945888985025e+02
1.550000000000000000e+02,4.102625198841196834e+02
1.550900000000000034e+02,4.171530373424068898e+02
1.551800000000000068e+02,4.232003267182660693e+02
1.552699999999999818e+02,4.281931901524852719e+02
1.553600000000000136e+02,4.319204297858578911e+02
1.554499999999999886e+02,4.341708477591684527e+02
1.555399999999999920e+02,4.347421264999288155e+02
1.556299999999999955e+02,4.337012708813161339e+02
1.557199999999999989e+02,4.314266508296161646e+02
1.558100000000000023e+02,4.283139805811136966e+02
1.559000000000000057e+02,4.247589743720937463e+02
1.559900000000000091e+02,4.211573464388414436e+02
1.560799999999999841e+02,4.179529933737782699e+02
1.561700000000000159e+02,4.158594259301203806e+02
1.562599999999999909e+02,4.156838846007593133e+02
1.563499999999999943e+02,4.182337039847471374e+02
1.564399999999999977e+02,4.243162186811375705e+02
1.565300000000000011e+02,4.347319458025022527e+02
1.566200000000000045e+02,4.498723532725017549e+02
1.567100000000000080e+02,4.694948827719852602e+02
1.568000000000000114e+02,4.933024360899466956e+02
1.568899999999999864e+02,5.209979150153711771e+02
1.569799999999999898e+02,5.522842213372704236e+02
1.570699999999999932e+02,5.869170661350225373e+02
1.571599999999999966e+02,6.250715555522359637e+02
1.572500000000000000e+02,6.671227935990478954e+02
1.573400000000000034e+02,7.134471159891616026e+02
1.574300000000000068e+02,7.644208584362801275e+02
1.575199999999999818e+02,8.204110481729388766e+02
1.576100000000000136e+02,8.802732478051304952e+02
1.576999999999999886e+02,9.396934821073861031e+02
1.577899999999999920e+02,9.939586747250912140e+02
1.578799999999999955e+02,1.038355749303555058e+03
1.579699999999999989e+02,1.068171629488105964e+03
1.580600000000000023e+02,1.079157042625661234e+03
1.581500000000000057e+02,1.072454434094109274e+03
1.582400000000000091e+02,1.052684777033254022e+03
1.583299999999999841e+02,1.024527020045607742e+03
1.584200000000000159e+02,9.926601117336447260e+02
1.585099999999999909e+02,9.617616292455538769e+02
1.585999999999999943e+02,9.351431811950636757e+02
1.586899999999999977e+02,9.121871594780354826e+02
1.587800000000000011e+02,8.915737713621987268e+02
1.588700000000000045e+02,8.719832241152830647e+02
1.589600000000000080e+02,8.520957250050180392e+02
1.590500000000000114e+02,8.306798581338431404e+02
1.591399999999999864e+02,8.080907485409220499e+02
1.592299999999999898e+02,7.860558367547752141e+02
1.593199999999999932e+02,7.663478122433164117e+02
1.594099999999999966e+02,7.507393644744523726e+02
1.595000000000000000e+02,7.410031829160898269e+02
1.595900000000000034e+02,7.383322309124455387e+02
1.596800000000000068e+02,7.416005673129751585e+02
1.597699999999999818e+02,7.491025248434420973e+02
1.598600000000000136e+02,7.591324362296199979e+02
1.599499999999999886e+02,7.699846341972632899e+02
1.600399999999999920e+02,7.800202122240475546e+02
1.601299999999999955e+02,7.896249922163575548e+02
1.602199999999999989e+02,8.015255949440817176e+02
1.603100000000000023e+02,8.185790332706629897e+02
1.604000000000000057e+02,8.436423200595447724e+02
1.604900000000000091e+02,8.795724681741705808e+02
1.605799999999999841e+02,9.283416479389982214e+02
1.606699999999999875e+02,9.869707135181000695e+02
1.607599999999999909e+02,1.050759223823917864e+03
1.608499999999999943e+02,1.115005009560823510e+03
1.609399999999999977e+02,1.175005901433187773e+03
1.610300000000000011e+02,1.226090783711902986e+03
1.611200000000000045e+02,1.265451754659109611e+03
1.612100000000000080e+02,1.293168894223384086e+03
1.613000000000000114e+02,1.309570710885467861e+03
1.613899999999999864e+02,1.314985713126104656e+03
1.614799999999999898e+02,1.309742409426039103e+03
1.615699999999999932e+02,1.294220233301817416e+03
1.616599999999999966e+02,1.269203049166595974e+03
1.617500000000000000e+02,1.235667583303831634e+03
1.618400000000000034e+02,1.194591749752917849e+03
1.619300000000000068e+02,1.146953462553247846e+03
1.620199999999999818e+02,1.093733197120631985e+03
1.621100000000000136e+02,1.036327332363595133e+03
1.621999999999999886e+02,9.770043958546428939e+02
1.622899999999999920e+02,9.181427341792598327e+02
1.623799999999999955e+02,8.621206939230042963e+02
1.624699999999999989e+02,8.113166216714167831e+02
1.625600000000000023e+02,7.679462788959832551e+02
1.626500000000000057e+02,7.323353751173106048e+02
1.627400000000000091e+02,7.035902315005995433e+02
1.628299999999999841e+02,6.807968460718009283e+02
1.629199999999999875e+02,6.630412168568445850e+02
1.630099999999999909e+02,6.494093757803381095e+02
1.630999999999999943e+02,6.390211178278292437e+02
1.631899999999999977e+02,6.310933576330730830e+02
1.632800000000000011e+02,6.248603659414770846e+02
1.633700000000000045e+02,6.195564134984479097e+02
1.634600000000000080e+02,6.144157710493934701e+02
1.635500000000000114e+02,6.087022458568642378e+02
1.636399999999999864e+02,6.022098847391805521e+02
1.637299999999999898e+02,5.951913775528663564e+02
1.638199999999999932e+02,5.879145368512291725e+02
1.639099999999999966e+02,5.806471751875748168e+02
1.640000000000000000e+02,5.736571051152086511e+02
1.640900000000000034e+02,5.670832955196610783e+02
1.641800000000000068e+02,5.605493406153585738e+02
1.642699999999999818e+02,5.535499909489549282e+02
1.643600000000000136e+02,5.455799970670943821e+02
1.644499999999999886e+02,5.361341095164382295e+02
1.645399999999999920e+02,5.247219491174116683e+02
1.646299999999999955e+02,5.113041242124996870e+02
1.647199999999999989e+02,4.963626321186708878e+02
1.648100000000000023e+02,4.804085136563746801e+02
1.649000000000000057e+02,4.639528096460605866e+02
1.649900000000000091e+02,4.475065609081777893e+02
1.650799999999999841e+02,4.314893868242270969e+02
1.651699999999999875e+02,4.158093395440487257e+02
1.652599999999999909e+02,4.001966279495333083e+02
1.653499999999999943e+02,3.843812823650688415e+02
1.654399999999999977e+02,3.680933331150428671e+02
1.655300000000000011e+02,3.510679473285244399e+02
1.656200000000000045e+02,3.333485004154498483e+02
1.657100000000000080e+02,3.154560906211007705e+02
1.658000000000000114e+02,2.979529106282075190e+02
1.658899999999999864e+02,2.814011531195057501e+02
1.659799999999999898e+02,2.663630107777153171e+02
1.660699999999999932e+02,2.533405945274702447e+02
1.661599999999999966e+02,2.423588645380941955e+02
1.662500000000000000e+02,2.332152410262158071e+02
1.663400000000000034e+02,2.257057428846595712e+02
1.664300000000000068e+02,2.196263890062500082e+02
1.665199999999999818e+02,2.147732243360195810e+02
1.666100000000000136e+02,2.109465240460421853e+02
1.666999999999999886e+02,2.079554340847485037e+02
1.667899999999999920e+02,2.056102173889194091e+02
1.668799999999999955e+02,2.037211368953394697e+02
1.669699999999999989e+02,2.020984555407927701e+02
1.670600000000000023e+02,2.005588001284565962e+02
1.671500000000000057e+02,1.989927774083341490e+02
1.672400000000000091e+02,1.973387231283801668e+02
1.673299999999999841e+02,1.955357685198495119e+02
1.674199999999999875e+02,1.935230448139951989e+02
1.675099999999999909e+02,1.912397098951384748e+02
1.675999999999999943e+02,1.886514681019097281e+02
1.676899999999999977e+02,1.858003848086790413e+02
1.677800000000000011e+02,1.827421717599034707e+02
1.678700000000000045e+02,1.795325407000399878e+02
1.679600000000000080e+02,1.762272033735456773e+02
1.680500000000000114e+02,1.728814851265471759e+02
1.681399999999999864e+02,1.695437746823458838e+02
1.682299999999999898e+02,1.662564607709665836e+02
1.683199999999999932e+02,1.630617342864919408e+02
1.684099999999999966e+02,1.600017861230037681e+02
1.685000000000000000e+02,1.571188071745836794e+02
1.685900000000000034e+02,1.544282822337157768e+02
1.686800000000000068e+02,1.518388716864934622e+02
1.687699999999999818e+02,1.492325298174134218e+02
1.688600000000000136e+02,1.464912109109689311e+02
1.689499999999999886e+02,1.434968692516592625e+02
1.690399999999999920e+02,1.401366264453826318e+02
1.691299999999999955e+02,1.364543192675305647e+02
1.692199999999999989e+02,1.326749637002607471e+02
1.693100000000000023e+02,1.290336681503501381e+02
1.694000000000000057e+02,1.257655410245758105e+02
1.694900000000000091e+02,1.231056907297148513e+02
1.695799999999999841e+02,1.212459580925076068e+02
1.696699999999999875e+02,1.201360714068681972e+02
1.697599999999999909e+02,1.196415900024215233e+02
1.698499999999999943e+02,1.196279887017997225e+02
1.699399999999999977e+02,1.199607423276348186e+02
1.700300000000000011e+02,1.205061492406555033e+02
1.701200000000000045e+02,1.211799200873906130e+02
1.702100000000000080e+02,1.219743545573590637e+02
1.703000000000000114e+02,1.228883406448531446e+02
1.703899999999999864e+02,1.239207663441649174e+02
1.704799999999999898e+02,1.250705196495872684e+02
1.705699999999999932e+02,1.263247358576113868e+02
1.706599999999999966e+02,1.275772139708235500e+02
1.707500000000000000e+02,1.286772435036372144e+02
1.708400000000000034e+02,1.294738398550652221e+02
1.709300000000000068e+02,1.298160184241204433e+02
1.710199999999999818e+02,1.295535632462811861e+02
1.711100000000000136e+02,1.286610657030835512e+02
1.711999999999999886e+02,1.273748378925112377e+02
1.712899999999999920e+02,1.259641472009969192e+02
1.713799999999999955e+02,1.246982610149746620e+02
1.714699999999999989e+02,1.238464467208783475e+02
1.715600000000000023e+02,1.236507568357455966e+02
1.716500000000000057e+02,1.240368710198850408e+02
1.717400000000000091e+02,1.247263574131348207e+02
1.718299999999999841e+02,1.254373822966584271e+02
1.719199999999999875e+02,1.258881119516200613e+02
1.720099999999999909e+02,1.257968904569816573e+02
1.720999999999999943e+02,1.250591484990627436e+02
1.721899999999999977e+02,1.240797074570329954e+02
1.722800000000000011e+02,1.233544211829204471e+02
1.723700000000000045e+02,1.233791435287531328e+02
1.724600000000000080e+02,1.246497283465592432e+02
1.725500000000000114e+02,1.276257565291062548e+02
1.726399999999999864e+02,1.321156368045149350e+02
1.727299999999999898e+02,1.373645313895132745e+02
1.728199999999999932e+02,1.425990307456836774e+02
1.729099999999999966e+02,1.470457253346096138e+02
1.730000000000000000e+02,1.499312056178746673e+02
1.730900000000000034e+02,1.507317608425031210e+02
1.731800000000000068e+02,1.499224753972818860e+02
1.732699999999999818e+02,1.482281324564392833e+02
1.733600000000000136e+02,1.463735151942011328e+02
1.734499999999999886e+02,1.450834067847972051e+02
1.735399999999999920e+02,1.450623337982719931e+02
1.736299999999999955e+02,1.464004779809788488e+02
1.737199999999999989e+02,1.484777738951551385e+02
1.738100000000000023e+02,1.506345924229958939e+02
1.739000000000000057e+02,1.522113044466964027e+02
1.739900000000000091e+02,1.525482808484518671e+02
1.740799999999999841e+02,1.511377534584553075e+02
1.741700000000000159e+02,1.483217228881700578e+02
1.742599999999999909e+02,1.447376067494654137e+02
1.743499999999999943e+02,1.410231192576183048e+02
1.744399999999999977e+02,1.378159746279098101e+02
1.745300000000000011e+02,1.357487391066423754e+02
1.746200000000000045e+02,1.351451008014595061e+02
1.747099999999999795e+02,1.358499867050833245e+02
1.748000000000000114e+02,1.376671400584162654e+02
1.748899999999999864e+02,1.404003041023573815e+02
1.749800000000000182e+02,1.438532220778113242e+02
1.750699999999999932e+02,1.478097717009728456e+02
1.751599999999999966e+02,1.518960648300599132e+02
1.752500000000000000e+02,1.556629791641367433e+02
1.753400000000000034e+02,1.586609290664153775e+02
1.754300000000000068e+02,1.604403289001081419e+02
1.755199999999999818e+02,1.605533573888412775e+02
1.756100000000000136e+02,1.588386812784432323e+02
1.756999999999999886e+02,1.557357320356697414e+02
1.757899999999999920e+02,1.517595880800172381e+02
1.758799999999999955e+02,1.474253278309851112e+02
1.759699999999999989e+02,1.432480297080721243e+02
1.760600000000000023e+02,1.397164601054680872e+02
1.761499999999999773e+02,1.370135081231477159e+02
1.762400000000000091e+02,1.351247226712661131e+02
1.763299999999999841e+02,1.340323636568193706e+02
1.764200000000000159e+02,1.337186909867998565e+02
1.765099999999999909e+02,1.341659664989518603e+02
1.765999999999999943e+02,1.353583750582511698e+02
1.766899999999999977e+02,1.372856331290902858e+02
1.767800000000000011e+02,1.399384457199809049e+02
1.768700000000000045e+02,1.433075178394346665e+02
1.769599999999999795e+02,1.473835544959619313e+02
1.770500000000000114e+02,1.521504821489285746e+02
1.771399999999999864e+02,1.574705387433511703e+02
1.772300000000000182e+02,1.631007049130589053e+02
1.773199999999999932e+02,1.687944906747026721e+02
1.774099999999999966e+02,1.743054060449457268e+02
1.775000000000000000e+02,1.793869610404440778e+02
1.775900000000000034e+02,1.837769928559294215e+02
1.776800000000000068e+02,1.871506473984284753e+02
1.777699999999999818e+02,1.891673977530415414e+02
1.778600000000000136e+02,1.894867170048702860e+02
1.779499999999999886e+02,1.877680782390149830e+02
1.780399999999999920e+02,1.836922995649490815e+02
1.781299999999999955e+02,1.775875536594704727e+02
1.782199999999999989e+02,1.705304231164687394e+02
1.783100000000000023e+02,1.636391800305625850e+02
1.783999999999999773e+02,1.580320964963722759e+02
1.784900000000000091e+02,1.548274446085122804e+02
1.785799999999999841e+02,1.548897809566047670e+02
1.786700000000000159e+02,1.576639454860766421e+02
1.787599999999999909e+02,1.621012221990308433e+02
1.788499999999999943e+02,1.671523995594812675e+02
1.789399999999999977e+02,1.717682660314369230e+02
1.790300000000000011e+02,1.749094508417775842e+02
1.791200000000000045e+02,1.761270289895436463e+02
1.792099999999999795e+02,1.758872664206253660e+02
1.793000000000000114e+02,1.747351551838666808e+02
1.793899999999999864e+02,1.732156873281135461e+02
1.794800000000000182e+02,1.718738549022089614e+02
1.795699999999999932e+02,1.712276346191319760e+02
1.796599999999999966e+02,1.715804557431650323e+02
1.797500000000000000e+02,1.731334358147102819e+02
1.798400000000000034e+02,1.760870622788723665e+02
1.799300000000000068e+02,1.806418225807557292e+02
1.800199999999999818e+02,1.869957493777113484e+02
1.801100000000000136e+02,1.949482791659597183e+02
1.801999999999999886e+02,2.034629932123413596e+02
1.802899999999999920e+02,2.113982237588714383e+02
1.803799999999999955e+02,2.176123030475544908e+02
1.804699999999999989e+02,2.209635633203977818e+02
1.805600000000000023e+02,2.204261144056347916e+02
1.806499999999999773e+02,2.163199805713814214e+02
1.807400000000000091e+02,2.098335179824439081e+02
1.808299999999999841e+02,2.021695550019194343e+02
1.809200000000000159e+02,1.945309199928886130e+02
1.810099999999999909e+02,1.881201299165053058e+02
1.810999999999999943e+02,1.838295453968053152e+02
1.811899999999999977e+02,1.816593604857474702e+02
1.812800000000000011e+02,1.814503314395088864e+02
1.813700000000000045e+02,1.830432145142665945e+02
1.814599999999999795e+02,1.862787659661964881e+02
1.815500000000000114e+02,1.909969318560280840e+02
1.816399999999999864e+02,1.970231136157400726e+02
1.817300000000000182e+02,2.041701319623570896e+02
1.818199999999999932e+02,2.122503927928163421e+02
1.819099999999999966e+02,2.210763020040710671e+02
1.820000000000000000e+02,2.304602654930650090e+02
1.820900000000000034e+02,2.400663686973496169e+02
1.821800000000000068e+02,2.489654152168974974e+02
1.822699999999999818e+02,2.560798881922848977e+02
1.823600000000000136e+02,2.603322707640953126e+02
1.824499999999999886e+02,2.606450460729018914e+02
1.825399999999999920e+02,2.559852806255948394e+02
1.826299999999999955e+02,2.466721708354281475e+02
1.827199999999999989e+02,2.345881173968973314e+02
1.828100000000000023e+02,2.217025978918217675e+02
1.828999999999999773e+02,2.099850899020243560e+02
1.829900000000000091e+02,2.014050710093146392e+02
1.830799999999999841e+02,1.975456944477653281e+02
1.831700000000000159e+02,1.978283570914258291e+02
1.832599999999999909e+02,2.009229342316046996e+02
1.833499999999999943e+02,2.054985466198702113e+02
1.834399999999999977e+02,2.102243150077883058e+02
1.835300000000000011e+02,2.137818401644781545e+02
1.836200000000000045e+02,2.156015239122176581e+02
1.837099999999999795e+02,2.162744097056802843e+02
1.838000000000000114e+02,2.164913811399612769e+02
1.838899999999999864e+02,2.169433218101548562e+02
1.839800000000000182e+02,2.183211153113567775e+02
1.840699999999999932e+02,2.212182188427710514e+02
1.841599999999999966e+02,2.254543592759056025e+02
1.842500000000000000e+02,2.304802929625585932e+02
1.843400000000000034e+02,2.357445039187645932e+02
1.844300000000000068e+02,2.406954761605580586e+02
1.845199999999999818e+02,2.447833289727022930e+02
1.846100000000000136e+02,2.477237083999682739e+02
1.846999999999999886e+02,2.497890694896211699e+02
1.847899999999999920e+02,2.513219794357228238e+02
1.848799999999999955e+02,2.526650054323319807e+02
1.849699999999999989e+02,2.541607146735083234e+02
1.850600000000000023e+02,2.561174099382096188e+02
1.851499999999999773e+02,2.584450701798356818e+02
1.852400000000000091e+02,2.607966912385267051e+02
1.853299999999999841e+02,2.628209859025297419e+02
1.854200000000000159e+02,2.641666669600974728e+02
1.855099999999999909e+02,2.644826121850510390e+02
1.855999999999999943e+02,2.635820249817298304e+02
1.856899999999999977e+02,2.617507924205639256e+02
1.857800000000000011e+02,2.593592741852608015e+02
1.858700000000000045e+02,2.567778299595279918e+02
1.859599999999999795e+02,2.543768194270737411e+02
1.860500000000000114e+02,2.525128169005119219e+02
1.861399999999999864e+02,2.512949217106273636e+02
1.862300000000000182e+02,2.506181739458931190e+02
1.863199999999999932e+02,2.503705555847857624e+02
1.864099999999999966e+02,2.504400486057806745e+02
1.865000000000000000e+02,2.507146349873537474e+02
1.865900000000000034e+02,2.510753795978610015e+02
1.866800000000000068e+02,2.513756788651793386e+02
1.867699999999999818e+02,2.514620121070660446e+02
1.868600000000000136e+02,2.511808586412782347e+02
1.869499999999999886e+02,2.503786977855735643e+02
1.870399999999999920e+02,2.489112370441469011e+02
1.871299999999999955e+02,2.469140575130143986e+02
1.872199999999999989e+02,2.448463035751809969e+02
1.873100000000000023e+02,2.431851434152885361e+02
1.873999999999999773e+02,2.424077452179791976e+02
1.874900000000000091e+02,2.429912771678947649e+02
1.875799999999999841e+02,2.452833728819116459e+02
1.876700000000000159e+02,2.489068289912735281e+02
1.877599999999999909e+02,2.532324569133623129e+02
1.878499999999999943e+02,2.576308150683653366e+02
1.879399999999999977e+02,2.614724618764647630e+02
1.880300000000000011e+02,2.641367817111680552e+02
1.881200000000000045e+02,2.655327161454160318e+02
1.882099999999999795e+02,2.663900204112708252e+02
1.883000000000000114e+02,2.675090573673871859e+02
1.883899999999999864e+02,2.696901898724169655e+02
1.884800000000000182e+02,2.737337807850170179e+02
1.885699999999999932e+02,2.802780718535256597e+02
1.886599999999999966e+02,2.886737890697783087e+02
1.887500000000000000e+02,2.976576778941386010e+02
1.888400000000000034e+02,3.059627025365853115e+02
1.889300000000000068e+02,3.123218272070973285e+02
1.890199999999999818e+02,3.154723953180363765e+02
1.891100000000000136e+02,3.148628232687382820e+02
1.891999999999999886e+02,3.114326458700189733e+02
1.892899999999999920e+02,3.063091562348713524e+02
1.893799999999999955e+02,3.006196474762911066e+02
1.894699999999999989e+02,2.954914127072735255e+02
1.895600000000000023e+02,2.919795284965691735e+02
1.896499999999999773e+02,2.902995540860894721e+02
1.897400000000000091e+02,2.901254246359120543e+02
1.898299999999999841e+02,2.911220482380853696e+02
1.899200000000000159e+02,2.929543329846587199e+02
1.900099999999999909e+02,2.952872526284717765e+02
1.900999999999999943e+02,2.978511790730825055e+02
1.901899999999999977e+02,3.005646023965392146e+02
1.902800000000000011e+02,3.033796310033623058e+02
1.903700000000000045e+02,3.062483732980721811e+02
1.904599999999999795e+02,3.091229376851883899e+02
1.905500000000000114e+02,3.119578614524804721e+02
1.906399999999999864e+02,3.147512851997495318e+02
1.907300000000000182e+02,3.175390652258533351e+02
1.908199999999999932e+02,3.203583014178641974e+02
1.909099999999999966e+02,3.232460936628609147e+02
1.910000000000000000e+02,3.262395418479186446e+02
1.910900000000000034e+02,3.293895611982872538e+02
1.911800000000000068e+02,3.328023282919107828e+02
1.912699999999999818e+02,3.365978350449061622e+02
1.913600000000000136e+02,3.408960733733948132e+02
1.914499999999999886e+02,3.458170351934893461e+02
1.915399999999999920e+02,3.514736054668396150e+02
1.916299999999999955e+02,3.577631285514796673e+02
1.917199999999999989e+02,3.643337612142545936e+02
1.918100000000000023e+02,3.708197794515554051e+02
1.918999999999999773e+02,3.768554592597712372e+02
1.919900000000000091e+02,3.820750766352986716e+02
1.920799999999999841e+02,3.862356702795920000e+02
1.921700000000000159e+02,3.897812225465110032e+02
1.922599999999999909e+02,3.933945276146116043e+02
1.923499999999999943e+02,3.977586194333659932e+02
1.924399999999999977e+02,4.035565319522420964e+02
1.925300000000000011e+02,4.114648354536871580e+02
1.926200000000000045e+02,4.217722801988382457e+02
1.927099999999999795e+02,4.341664954157981242e+02
1.928000000000000114e+02,4.482834009965113751e+02
1.928899999999999864e+02,4.637589168328925666e+02
1.929800000000000182e+02,4.802289628168933291e+02
1.930699999999999932e+02,4.973486614193641913e+02
1.931599999999999966e+02,5.149256360588033203e+02
1.932500000000000000e+02,5.328402336231977188e+02
1.933400000000000034e+02,5.509732488741017278e+02
1.934300000000000068e+02,5.692054765730687222e+02
1.935199999999999818e+02,5.874147121636480051e+02
1.936100000000000136e+02,6.049917368293374693e+02
1.936999999999999886e+02,6.203060639749656957e+02
1.937899999999999920e+02,6.315986112461952189e+02
1.938799999999999955e+02,6.371102962886667456e+02
1.939699999999999989e+02,6.350820367480274626e+02
1.940600000000000023e+02,6.240748853098388054e+02
1.941499999999999773e+02,6.063714644986876010e+02
1.942400000000000091e+02,5.866554096385023058e+02
1.943299999999999841e+02,5.696503729332418970e+02
1.944200000000000159e+02,5.600800065868235151e+02
1.945099999999999909e+02,5.626658029420140110e+02
1.945999999999999943e+02,5.799780326069353578e+02
1.946899999999999977e+02,6.083989639108801839e+02
1.947800000000000011e+02,6.432050162593121740e+02
1.948700000000000045e+02,6.796726090576951265e+02
1.949599999999999795e+02,7.130781617114838582e+02
1.950500000000000114e+02,7.388944110916696673e+02
1.951399999999999864e+02,7.561183852098180296e+02
1.952299999999999898e+02,7.667955296818123543e+02
1.953199999999999932e+02,7.730718046658449794e+02
1.954099999999999966e+02,7.770931703201151777e+02
1.955000000000000000e+02,7.810055868028217674e+02
1.955900000000000034e+02,7.863733770969992065e+02
1.956800000000000068e+02,7.924343154850223527e+02
1.957699999999999818e+02,7.978445390741005667e+02
1.958600000000000136e+02,8.012601849714487798e+02
1.959499999999999886e+02,8.013373902842736243e+02
1.960399999999999920e+02,7.967886244299212422e+02
1.961299999999999955e+02,7.880348101690124167e+02
1.962199999999999989e+02,7.774720218862352112e+02
1.963100000000000023e+02,7.676063580095081988e+02
1.963999999999999773e+02,7.609439169667515444e+02
1.964900000000000091e+02,7.599907971858798419e+02
1.965799999999999841e+02,7.665570885337806430e+02
1.966700000000000159e+02,7.785582235973595289e+02
1.967599999999999909e+02,7.925556808096191617e+02
1.968499999999999943e+02,8.051095792118678673e+02
1.969399999999999977e+02,8.127800378453970325e+02
1.970300000000000011e+02,8.121741524473533218e+02
1.971200000000000045e+02,8.027176205059497534e+02
1.972099999999999795e+02,7.882049722235562967e+02
1.973000000000000114e+02,7.728065513693323965e+02
1.973899999999999864e+02,7.606927017124698978e+02
1.974799999999999898e+02,7.560337670221290409e+02
1.975699999999999932e+02,7.624079834184618676e+02
1.976599999999999966e+02,7.786912510567501613e+02
1.977500000000000000e+02,8.015170565759889314e+02
1.978400000000000034e+02,8.275050765242350508e+02
1.979300000000000068e+02,8.532749874495442555e+02
1.980199999999999818e+02,8.754562270387359604e+02
1.981100000000000136e+02,8.922631978863053064e+02
1.981999999999999886e+02,9.052339703376255784e+02
1.982899999999999920e+02,9.163251235628348468e+02
1.983799999999999955e+02,9.274932367320528783e+02
1.984699999999999989e+02,9.406948890154047831e+02
1.985600000000000023e+02,9.577226551677551925e+02
1.986499999999999773e+02,9.784625586165705045e+02
1.987400000000000091e+02,1.001570589674898315e+03
1.988299999999999841e+02,1.025682238103828468e+03
1.989200000000000159e+02,1.049432993664510377e+03
1.990099999999999909e+02,1.071458934085870624e+03
1.990999999999999943e+02,1.090981753062554844e+03
1.991899999999999977e+02,1.108907672142229785e+03
1.992800000000000011e+02,1.126443952405121991e+03
1.993700000000000045e+02,1.144797854931457550e+03
1.994599999999999795e+02,1.165176640801456188e+03
1.995500000000000114e+02,1.188787571095364910e+03
1.996399999999999864e+02,1.216837906893379568e+03
1.997299999999999898e+02,1.250534909275751488e+03
1.998199999999999932e+02,1.291085839322698575e+03
1.999099999999999966e+02,1.339697958114447147e+03
2.000000000000000000e+02,1.397578526731223292e+03
